<?xml version="1.0" encoding="utf-8"?>
<beans xmlns="http://www.springframework.org/schema/beans"
	xmlns:xsi="http://www.w3.org/2001/XMLSchema-instance" xmlns:context="http://www.springframework.org/schema/context"
	xmlns:os-core="http://www.openspaces.org/schema/core" xmlns:os-jms="http://www.openspaces.org/schema/jms"
	xmlns:os-events="http://www.openspaces.org/schema/events"
	xmlns:os-remoting="http://www.openspaces.org/schema/remoting"
	xmlns:os-sla="http://www.openspaces.org/schema/sla" xmlns:tx="http://www.springframework.org/schema/tx"

	xsi:schemaLocation="http://www.springframework.org/schema/beans http://www.springframework.org/schema/beans/spring-beans-3.0.xsd
       http://www.springframework.org/schema/context http://www.springframework.org/schema/context/spring-context-3.0.xsd
       http://www.openspaces.org/schema/core http://www.openspaces.org/schema/10.0/core/openspaces-core.xsd
       http://www.openspaces.org/schema/events http://www.openspaces.org/schema/10.0/events/openspaces-events.xsd
       http://www.springframework.org/schema/tx http://www.springframework.org/schema/tx/spring-tx-3.1.xsd
       http://www.openspaces.org/schema/remoting http://www.openspaces.org/schema/10.0/remoting/openspaces-remoting.xsd">

	<bean id="propertiesConfigurer"
		class="org.springframework.beans.factory.config.PropertyPlaceholderConfigurer" />
		
<!-- ========================================================================================================== -->
<os-core:mirror id="mirror" url="/./mirror-service"
        space-sync-endpoint="mongoSpaceSynchronizationEndpoint" operation-grouping="group-by-replication-bulk">
        <os-core:source-space name="datagrid-mongo" partitions="1"  backups="1" />
</os-core:mirror>
 
<bean id="mongoClient"
               class="com.gigaspaces.persistency.MongoClientConnectorBeanFactory">
               <property name="db" value="db" />
               <property name="config">
                       <bean class="com.allanbank.mongodb.MongoClientConfiguration">
                               <constructor-arg value="mongodb://localhost:27017/db"
                                      type="java.lang.String" />
                               <property name="defaultDurability" value="ACK" />
                       </bean>
               </property>
</bean>
 
<bean id="mongoSpaceSynchronizationEndpoint"
        class="com.gigaspaces.persistency.MongoSpaceSynchronizationEndpointBeanFactory">
        <property name="mongoClientConnector" ref="mongoClient" />
</bean> 
 
</beans>