<?xml version="1.0" encoding="utf-8"?>
<beans xmlns="http://www.springframework.org/schema/beans"
	xmlns:xsi="http://www.w3.org/2001/XMLSchema-instance" xmlns:context="http://www.springframework.org/schema/context"
	xmlns:os-core="http://www.openspaces.org/schema/core" xmlns:os-jms="http://www.openspaces.org/schema/jms"
	xmlns:os-events="http://www.openspaces.org/schema/events"
	xmlns:os-remoting="http://www.openspaces.org/schema/remoting"
	xmlns:os-sla="http://www.openspaces.org/schema/sla" xmlns:tx="http://www.springframework.org/schema/tx"

	xsi:schemaLocation="http://www.springframework.org/schema/beans http://www.springframework.org/schema/beans/spring-beans-3.0.xsd
       http://www.springframework.org/schema/context http://www.springframework.org/schema/context/spring-context-3.0.xsd
       http://www.openspaces.org/schema/core http://www.openspaces.org/schema/10.0/core/openspaces-core.xsd
       http://www.openspaces.org/schema/events http://www.openspaces.org/schema/10.0/events/openspaces-events.xsd
       http://www.springframework.org/schema/tx http://www.springframework.org/schema/tx/spring-tx-3.1.xsd
       http://www.openspaces.org/schema/remoting http://www.openspaces.org/schema/10.0/remoting/openspaces-remoting.xsd">

	<bean id="propertiesConfigurer"
		class="org.springframework.beans.factory.config.PropertyPlaceholderConfigurer" />
		
<!-- ========================================================================================================== -->
<os-core:space id="space" url="/./datagrid-mongo"
        space-data-source="mongospaceDataSource" mirror="true" schema="persistent">
        <os-core:properties>
               <props>
                       <!-- Use ALL IN CACHE, put 0 for LRU --> 
                       <prop key="space-config.engine.cache_policy">1</prop>                  
                       <prop key="cluster-config.cache-loader.central-data-source">true</prop>
                       <prop key="cluster-config.mirror-service.supports-partial-update">true</prop>
               </props>
        </os-core:properties>
</os-core:space>
 
<os-core:giga-space id="gigaSpace" space="space" /> 
 
<bean id="mongoClient"
               class="com.gigaspaces.persistency.MongoClientConnectorBeanFactory">
               <property name="db" value="db" />
               <property name="config">
                       <bean class="com.allanbank.mongodb.MongoClientConfiguration">
                               <constructor-arg value="mongodb://localhost:27017/db"
                                      type="java.lang.String" />
                               <property name="defaultDurability" value="ACK"/>             
                       </bean>
               </property>
</bean>
 
<bean id="mongospaceDataSource" 
               class="com.gigaspaces.persistency.MongoSpaceDataSourceBeanFactory">
               <property name="mongoClientConnector" ref="mongoClient" />
</bean>
	
	<!-- ========================================================================================================== -->
     
</beans>